"","javier","5001","empleado",""""" <javier>","SIP/javier-00000000","SIP/belen-00000001","Dial","SIP/belen","2020-01-24 21:25:41","2020-01-24 21:25:44","2020-01-24 21:25:59",18,15,"ANSWERED","DOCUMENTATION","1579901141.0",""
"","javier","5001","empleado",""""" <javier>","SIP/javier-00000002","SIP/belen-00000003","Dial","SIP/belen","2020-01-24 21:26:43",,"2020-01-24 21:26:50",7,0,"BUSY","DOCUMENTATION","1579901203.3",""
"","belen","5000","empleado","""belen"" <belen>","SIP/belen-00000004","SIP/javier-00000005","Dial","SIP/javier","2020-01-24 21:26:58","2020-01-24 21:27:02","2020-01-24 21:27:11",13,9,"ANSWERED","DOCUMENTATION","1579901218.6",""
"","belen","5000","empleado","""belen"" <belen>","SIP/belen-00000006","SIP/javier-00000007","Dial","SIP/javier","2020-01-24 21:31:26",,"2020-01-24 21:31:28",2,0,"BUSY","DOCUMENTATION","1579901486.9",""
"","paul","5000","empleado",""""" <paul>","SIP/paul-00000008","SIP/javier-00000009","Dial","SIP/javier","2020-01-24 21:34:07","2020-01-24 21:34:09","2020-01-24 21:34:20",13,10,"ANSWERED","DOCUMENTATION","1579901647.12",""
"","javier","5001","empleado",""""" <javier>","SIP/javier-0000000a","SIP/belen-0000000b","Dial","SIP/belen","2020-01-24 21:35:12",,"2020-01-24 21:35:31",18,0,"NO ANSWER","DOCUMENTATION","1579901712.16",""
"","","5000","empleado",""""" <>","Message/ast_msg_queue","","Dial","SIP/javier","2020-01-24 21:34:36","2020-01-24 21:34:36","2020-01-24 21:37:25",169,169,"ANSWERED","DOCUMENTATION","1579901676.15",""
"","javier","5000","empleado",""""" <javier>","SIP/javier-00000000","SIP/javier-00000001","Dial","SIP/javier","2020-01-25 07:59:52",,"2020-01-25 07:59:52",0,0,"BUSY","DOCUMENTATION","1579939192.0",""
"","javier","5001","empleado",""""" <javier>","SIP/javier-00000002","SIP/belen-00000003","Dial","SIP/belen","2020-01-25 08:00:02",,"2020-01-25 08:00:28",26,0,"NO ANSWER","DOCUMENTATION","1579939202.3",""
"","javier","201","empleado",""""" <javier>","SIP/javier-00000004","","Playback","tt-monkeys","2020-01-25 08:47:09","2020-01-25 08:47:09","2020-01-25 08:47:19",10,10,"ANSWERED","DOCUMENTATION","1579942029.6",""
"","javier","4001","empleado",""""" <javier>","SIP/javier-00000000","SIP/belen-00000001","Dial","SIP/belen","2020-01-25 09:03:11","2020-01-25 09:03:29","2020-01-25 09:04:02",50,32,"ANSWERED","DOCUMENTATION","1579942991.0",""
"","belen","4000","empleado","""belen"" <belen>","SIP/belen-00000002","SIP/javier-00000003","Dial","SIP/javier","2020-01-25 09:05:46","2020-01-25 09:05:48","2020-01-25 09:06:28",42,39,"ANSWERED","DOCUMENTATION","1579943146.3",""
"","belen","4000","empleado","""belen"" <belen>","SIP/belen-00000000","SIP/javier-00000001","Dial","SIP/javier","2020-01-25 09:09:17","2020-01-25 09:09:21","2020-01-25 09:09:32",15,10,"ANSWERED","DOCUMENTATION","1579943357.0",""
"","belen","4000","empleado","""belen"" <belen>","SIP/belen-00000000","SIP/javier-00000001","Dial","SIP/javier","2020-01-25 09:12:22","2020-01-25 09:12:27","2020-01-25 09:12:40",17,13,"ANSWERED","DOCUMENTATION","1579943542.0",""
"","javier","4001","empleado",""""" <javier>","SIP/javier-00000002","SIP/belen-00000003","Dial","SIP/belen","2020-01-25 09:13:52","2020-01-25 09:13:57","2020-01-25 09:14:10",17,12,"ANSWERED","DOCUMENTATION","1579943632.3",""
"","belen","4000","empleado","""belen"" <belen>","SIP/belen-00000004","SIP/javier-00000005","Dial","SIP/javier","2020-01-25 09:14:14","2020-01-25 09:14:17","2020-01-25 09:14:26",11,8,"ANSWERED","DOCUMENTATION","1579943654.6",""
"","belen","4000","empleado","""belen"" <belen>","SIP/belen-00000006","SIP/javier-00000007","Dial","SIP/javier","2020-01-25 09:15:13","2020-01-25 09:15:15","2020-01-25 09:15:22",9,7,"ANSWERED","DOCUMENTATION","1579943713.9",""
"","belen","201","empleado","""belen"" <belen>","SIP/belen-00000000","","Hangup","","2020-01-25 11:13:51","2020-01-25 11:13:51","2020-01-25 11:13:51",0,0,"ANSWERED","DOCUMENTATION","1579950830.0",""
"","belen","4000","empleado","""belen"" <belen>","SIP/belen-00000001","SIP/javier-00000002","Dial","SIP/javier","2020-01-25 11:14:26",,"2020-01-25 11:14:32",6,0,"BUSY","DOCUMENTATION","1579950866.2",""
"","javier","4001","empleado",""""" <javier>","SIP/javier-00000003","SIP/belen-00000004","Dial","SIP/belen","2020-01-25 11:32:29","2020-01-25 11:32:56","2020-01-25 11:33:10",40,14,"ANSWERED","DOCUMENTATION","1579951949.5",""
"","belen","4000","empleado",""""" <belen>","SIP/belen-00000005","SIP/javier-00000006","Dial","SIP/javier","2020-01-25 15:59:34","2020-01-25 15:59:41","2020-01-25 16:00:05",30,24,"ANSWERED","DOCUMENTATION","1579967974.8",""
"","javier","4001","empleado",""""" <javier>","SIP/javier-00000007","SIP/belen-00000008","Dial","SIP/belen","2020-01-25 16:22:13",,"2020-01-25 16:22:55",41,0,"NO ANSWER","DOCUMENTATION","1579969333.11",""
"","javier","4001","empleado",""""" <javier>","SIP/javier-00000009","SIP/belen-0000000a","Dial","SIP/belen","2020-01-25 16:33:53",,"2020-01-25 16:34:21",27,0,"NO ANSWER","DOCUMENTATION","1579970033.14",""
"","javier","4001","empleado",""""" <javier>","SIP/javier-0000000b","SIP/belen-0000000c","Dial","SIP/belen","2020-01-25 16:34:31",,"2020-01-25 16:34:53",21,0,"BUSY","DOCUMENTATION","1579970071.17",""
"","javier","4001","empleado",""""" <javier>","SIP/javier-0000000b","","VoiceMail","4001@default","2020-01-25 16:34:53","2020-01-25 16:34:53","2020-01-25 16:35:04",11,11,"ANSWERED","DOCUMENTATION","1579970071.17",""
"","javier","4001","empleado",""""" <javier>","SIP/javier-0000000d","SIP/belen-0000000e","Dial","SIP/belen","2020-01-25 16:44:59",,"2020-01-25 16:45:18",18,0,"BUSY","DOCUMENTATION","1579970699.21",""
"","javier","4001","empleado",""""" <javier>","SIP/javier-0000000d","","VoiceMail","4001@default","2020-01-25 16:45:18","2020-01-25 16:45:18","2020-01-25 16:45:25",7,7,"ANSWERED","DOCUMENTATION","1579970699.21",""
"","javier","4001","empleado",""""" <javier>","SIP/javier-0000000f","SIP/belen-00000010","Dial","SIP/belen,20","2020-01-25 16:46:52",,"2020-01-25 16:47:12",20,0,"NO ANSWER","DOCUMENTATION","1579970812.25",""
"","javier","4001","empleado",""""" <javier>","SIP/javier-0000000f","","VoiceMail","4001@default","2020-01-25 16:47:12","2020-01-25 16:47:12","2020-01-25 16:47:16",3,3,"ANSWERED","DOCUMENTATION","1579970812.25",""
"","javier","4001","empleado",""""" <javier>","SIP/javier-00000011","SIP/belen-00000012","Dial","SIP/belen,30","2020-01-25 16:49:31",,"2020-01-25 16:49:34",3,0,"BUSY","DOCUMENTATION","1579970971.29",""
"","javier","4001","empleado",""""" <javier>","SIP/javier-00000011","","VoiceMail","4001@default","2020-01-25 16:49:34","2020-01-25 16:49:34","2020-01-25 16:49:42",7,7,"ANSWERED","DOCUMENTATION","1579970971.29",""
"","javier","4001","empleado",""""" <javier>","SIP/javier-00000013","SIP/belen-00000014","Dial","SIP/belen,30","2020-01-25 16:51:34",,"2020-01-25 16:51:41",6,0,"BUSY","DOCUMENTATION","1579971094.33",""
"","javier","4001","empleado",""""" <javier>","SIP/javier-00000013","","VoiceMail","4001@default","2020-01-25 16:51:41","2020-01-25 16:51:41","2020-01-25 16:51:47",6,6,"ANSWERED","DOCUMENTATION","1579971094.33",""
"","javier","4001","empleado",""""" <javier>","SIP/javier-00000015","SIP/belen-00000016","Dial","SIP/belen,30","2020-01-25 17:09:41",,"2020-01-25 17:10:11",30,0,"NO ANSWER","DOCUMENTATION","1579972181.37",""
"","javier","4001","empleado",""""" <javier>","SIP/javier-00000015","","VoiceMail","4001@default","2020-01-25 17:10:11","2020-01-25 17:10:11","2020-01-25 17:10:24",12,12,"ANSWERED","DOCUMENTATION","1579972181.37",""
"","belen","4001","empleado",""""" <belen>","SIP/belen-00000017","SIP/belen-00000018","Dial","SIP/belen,30","2020-01-25 17:27:39",,"2020-01-25 17:27:57",17,0,"BUSY","DOCUMENTATION","1579973259.41",""
"","belen","4001","empleado",""""" <belen>","SIP/belen-00000017","","VoiceMail","4001@default","2020-01-25 17:27:57","2020-01-25 17:27:57","2020-01-25 17:28:00",3,3,"ANSWERED","DOCUMENTATION","1579973259.41",""
"","belen","4001","empleado",""""" <belen>","SIP/belen-00000019","SIP/belen-0000001a","Dial","SIP/belen,30","2020-01-25 22:06:19",,"2020-01-25 22:06:49",30,0,"NO ANSWER","DOCUMENTATION","1579989979.45",""
"","belen","4001","empleado",""""" <belen>","SIP/belen-00000019","","VoiceMail","4001","2020-01-25 22:06:49","2020-01-25 22:06:49","2020-01-25 22:07:00",10,10,"ANSWERED","DOCUMENTATION","1579989979.45",""
"","javier","4001","empleado",""""" <javier>","SIP/javier-0000001b","SIP/belen-0000001c","Dial","SIP/belen,30","2020-01-25 22:08:46",,"2020-01-25 22:09:16",30,0,"NO ANSWER","DOCUMENTATION","1579990126.49",""
"","javier","4001","empleado",""""" <javier>","SIP/javier-0000001b","","VoiceMail","4001","2020-01-25 22:09:16","2020-01-25 22:09:16","2020-01-25 22:09:17",1,1,"ANSWERED","DOCUMENTATION","1579990126.49",""
"","belen","4001","empleado",""""" <belen>","SIP/belen-0000001d","SIP/belen-0000001e","Dial","SIP/belen,15","2020-01-25 22:20:59",,"2020-01-25 22:21:14",15,0,"NO ANSWER","DOCUMENTATION","1579990859.53",""
"","belen","4001","empleado",""""" <belen>","SIP/belen-0000001d","","VoiceMail","4001","2020-01-25 22:21:14","2020-01-25 22:21:14","2020-01-25 22:21:25",11,11,"ANSWERED","DOCUMENTATION","1579990859.53",""
"","belen","4001","empleado",""""" <belen>","SIP/belen-0000001f","SIP/belen-00000020","Dial","SIP/belen,15","2020-01-25 22:22:15",,"2020-01-25 22:22:30",15,0,"NO ANSWER","DOCUMENTATION","1579990935.57",""
"","belen","4001","empleado",""""" <belen>","SIP/belen-0000001f","","VoiceMail","4001","2020-01-25 22:22:30","2020-01-25 22:22:30","2020-01-25 22:22:44",14,14,"ANSWERED","DOCUMENTATION","1579990935.57",""
"","belen","*4001","empleado",""""" <belen>","SIP/belen-00000021","","Hangup","","2020-01-25 22:25:37","2020-01-25 22:25:37","2020-01-25 22:26:07",29,29,"ANSWERED","DOCUMENTATION","1579991137.61",""
"","belen","*4001","empleado",""""" <belen>","SIP/belen-00000022","","Hangup","","2020-01-25 22:26:12","2020-01-25 22:26:12","2020-01-25 22:26:51",38,38,"ANSWERED","DOCUMENTATION","1579991172.63",""
"","belen","*4001","empleado",""""" <belen>","SIP/belen-00000023","","VoiceMailMain","4001","2020-01-25 22:27:18","2020-01-25 22:27:18","2020-01-25 22:27:50",31,31,"ANSWERED","DOCUMENTATION","1579991238.65",""
"","belen","*4001","empleado",""""" <belen>","SIP/belen-00000024","","Hangup","","2020-01-25 22:28:58","2020-01-25 22:28:58","2020-01-25 22:29:25",26,26,"ANSWERED","DOCUMENTATION","1579991338.67",""
"","belen","*4001","empleado",""""" <belen>","SIP/belen-00000025","","Hangup","","2020-01-25 22:29:29","2020-01-25 22:29:29","2020-01-25 22:29:50",21,21,"ANSWERED","DOCUMENTATION","1579991369.69",""
"","belen","*4001","empleado",""""" <belen>","SIP/belen-00000026","","Hangup","","2020-01-25 22:30:09","2020-01-25 22:30:09","2020-01-25 22:33:29",200,200,"ANSWERED","DOCUMENTATION","1579991409.71",""
"","belen","*4001","empleado",""""" <belen>","SIP/belen-00000027","","VoiceMailMain","4001","2020-01-25 22:36:23","2020-01-25 22:36:23","2020-01-25 22:36:34",10,10,"ANSWERED","DOCUMENTATION","1579991783.73",""
"","javier","*4000","empleado",""""" <javier>","SIP/javier-00000028","","VoiceMailMain","4000","2020-01-25 22:36:40","2020-01-25 22:36:40","2020-01-25 22:36:51",10,10,"ANSWERED","DOCUMENTATION","1579991800.75",""
"","javier","*4001","empleado",""""" <javier>","SIP/javier-00000029","","VoiceMailMain","4001","2020-01-25 22:37:00","2020-01-25 22:37:00","2020-01-25 22:37:08",8,8,"ANSWERED","DOCUMENTATION","1579991820.77",""
"","belen","*4001","empleado",""""" <belen>","SIP/belen-0000002a","","Hangup","","2020-01-25 22:47:24","2020-01-25 22:47:24","2020-01-25 22:48:03",39,39,"ANSWERED","DOCUMENTATION","1579992444.79",""
"","belen","*4001","empleado",""""" <belen>","SIP/belen-0000002b","","VoiceMailMain","4001","2020-01-25 22:49:27","2020-01-25 22:49:27","2020-01-25 22:50:07",39,39,"ANSWERED","DOCUMENTATION","1579992567.81",""
"","belen","*4001","empleado",""""" <belen>","SIP/belen-00000000","","Hangup","","2020-01-25 22:51:59","2020-01-25 22:51:59","2020-01-25 22:52:39",39,39,"ANSWERED","DOCUMENTATION","1579992719.0",""
"","belen","*4001","empleado",""""" <belen>","SIP/belen-00000001","","VoiceMailMain","4001","2020-01-25 22:52:46","2020-01-25 22:52:46","2020-01-25 22:53:20",33,33,"ANSWERED","DOCUMENTATION","1579992766.2",""
"","belen","*4001","empleado",""""" <belen>","SIP/belen-00000002","","VoiceMailMain","4001","2020-01-25 22:53:24","2020-01-25 22:53:24","2020-01-25 22:53:33",8,8,"ANSWERED","DOCUMENTATION","1579992804.4",""
"","belen","*4001","empleado",""""" <belen>","SIP/belen-00000003","","Hangup","","2020-01-25 22:53:55","2020-01-25 22:53:55","2020-01-25 22:54:35",39,39,"ANSWERED","DOCUMENTATION","1579992835.6",""
"","belen","*4001","empleado",""""" <belen>","SIP/belen-00000000","","VoiceMailMain","4001","2020-01-25 23:03:52","2020-01-25 23:03:52","2020-01-25 23:04:32",39,39,"ANSWERED","DOCUMENTATION","1579993432.0",""
"","belen","*4000","empleado",""""" <belen>","SIP/belen-00000000","","VoiceMailMain","4000","2020-01-26 11:18:54","2020-01-26 11:18:54","2020-01-26 11:18:57",2,2,"ANSWERED","DOCUMENTATION","1580037534.0",""
"","belen","4000","empleado",""""" <belen>","SIP/belen-00000001","SIP/javier-00000002","Dial","SIP/javier,15","2020-01-26 11:19:02","2020-01-26 11:19:09","2020-01-26 11:19:37",35,28,"ANSWERED","DOCUMENTATION","1580037542.2",""
"","belen","4000","empleado","""belen"" <belen>","SIP/belen-00000003","SIP/javier-00000004","Dial","SIP/javier,15","2020-01-26 11:20:10","2020-01-26 11:20:13","2020-01-26 11:20:51",41,38,"ANSWERED","DOCUMENTATION","1580037610.5",""
"","belen","4000","empleado","""belen"" <belen>","SIP/belen-00000005","SIP/javier-00000006","Dial","SIP/javier,15","2020-01-26 11:23:06","2020-01-26 11:23:09","2020-01-26 11:24:07",61,58,"ANSWERED","DOCUMENTATION","1580037786.8",""
"","belen","4000","empleado","""belen"" <belen>","SIP/belen-00000007","SIP/javier-00000008","Dial","SIP/javier,15","2020-01-26 11:24:45","2020-01-26 11:24:47","2020-01-26 11:24:57",12,9,"ANSWERED","DOCUMENTATION","1580037885.11",""
"","belen","100","empleado",""""" <belen>","SIP/belen-00000009","","Hangup","","2020-01-26 11:34:35","2020-01-26 11:34:35","2020-01-26 11:34:37",2,2,"ANSWERED","DOCUMENTATION","1580038475.14",""
"","belen","100","empleado",""""" <belen>","SIP/belen-0000000a","","Hangup","","2020-01-26 11:34:42","2020-01-26 11:34:42","2020-01-26 11:34:45",2,2,"ANSWERED","DOCUMENTATION","1580038482.16",""
"","javier","100","empleado",""""" <javier>","SIP/javier-0000000b","","Hangup","","2020-01-26 11:35:16","2020-01-26 11:35:16","2020-01-26 11:35:18",2,2,"ANSWERED","DOCUMENTATION","1580038516.18",""
"","belen","100","empleado",""""" <belen>","SIP/belen-0000000c","","Playback","mimusica/primavera","2020-01-26 12:17:17","2020-01-26 12:17:17","2020-01-26 12:17:36",19,19,"ANSWERED","DOCUMENTATION","1580041037.20",""
"","javier","100","empleado",""""" <javier>","SIP/javier-0000000d","","Hangup","","2020-01-26 12:17:40","2020-01-26 12:17:40","2020-01-26 12:18:49",68,68,"ANSWERED","DOCUMENTATION","1580041060.22",""
"","belen","100","empleado",""""" <belen>","SIP/belen-0000000e","","Playback","mimusica/primavera","2020-01-26 12:18:58","2020-01-26 12:18:58","2020-01-26 12:19:23",25,25,"ANSWERED","DOCUMENTATION","1580041138.24",""
"","belen","100","empleado",""""" <belen>","SIP/belen-0000000f","","Playback","mimusica/primavera","2020-01-26 12:19:27","2020-01-26 12:19:27","2020-01-26 12:19:30",2,2,"ANSWERED","DOCUMENTATION","1580041167.26",""
"","belen","4000","empleado",""""" <belen>","SIP/belen-00000011","SIP/javier-00000012","Dial","SIP/javier,15","2020-01-26 12:19:38","2020-01-26 12:19:40","2020-01-26 12:19:55",17,14,"ANSWERED","DOCUMENTATION","1580041178.29",""
"","belen","100","empleado",""""" <belen>","SIP/belen-00000010","","Playback","mimusica/primavera","2020-01-26 12:19:34","2020-01-26 12:19:34","2020-01-26 12:20:00",25,25,"ANSWERED","DOCUMENTATION","1580041174.28",""
"","belen","4000","empleado","""belen"" <belen>","SIP/belen-00000013","SIP/javier-00000014","Dial","SIP/javier,15","2020-01-26 12:28:23","2020-01-26 12:28:26","2020-01-26 12:28:32",9,5,"ANSWERED","DOCUMENTATION","1580041703.33",""
"","belen","100","empleado","""belen"" <belen>","SIP/belen-00000015","","Playback","mimusica/primavera","2020-01-26 12:28:40","2020-01-26 12:28:40","2020-01-26 12:28:46",6,6,"ANSWERED","DOCUMENTATION","1580041720.36",""
"","javier","4001","empleado","""javier"" <javier>","SIP/javier-00000016","SIP/belen-00000017","Dial","SIP/belen,15","2020-01-26 12:29:48","2020-01-26 12:29:51","2020-01-26 12:29:58",10,7,"ANSWERED","DOCUMENTATION","1580041788.38",""
"","belen","100","empleado","""belen"" <belen>","SIP/belen-00000018","","Playback","mimusica/primavera","2020-01-26 12:30:26","2020-01-26 12:30:26","2020-01-26 12:30:37",10,10,"ANSWERED","DOCUMENTATION","1580041826.41",""
"","belen","4000","empleado","""belen"" <belen>","SIP/belen-00000019","","Dial","SIP/javier,15","2020-01-26 12:30:41","2020-01-26 12:30:41","2020-01-26 12:30:43",2,2,"ANSWERED","DOCUMENTATION","1580041841.43",""
"","belen","4000","empleado","""belen"" <belen>","SIP/belen-0000001a","SIP/javier-0000001b","Dial","SIP/javier,15","2020-01-26 12:30:54","2020-01-26 12:30:56","2020-01-26 12:31:03",8,6,"ANSWERED","DOCUMENTATION","1580041854.45",""
"","4000","100","empleado",""""" <4000>","SIP/javier-0000001b","","Playback","mimusica/primavera","2020-01-26 12:31:03","2020-01-26 12:31:03","2020-01-26 12:31:23",19,19,"ANSWERED","DOCUMENTATION","1580041854.46",""
"","javier","4001","empleado",""""" <javier>","SIP/javier-0000001c","SIP/belen-0000001d","Dial","SIP/belen,15","2020-01-26 12:32:25","2020-01-26 12:32:25","2020-01-26 12:32:33",7,7,"ANSWERED","DOCUMENTATION","1580041945.49",""
"","javier","4001","empleado",""""" <javier>","SIP/javier-0000001e","SIP/belen-0000001f","Dial","SIP/belen,15","2020-01-26 12:32:46","2020-01-26 12:32:50","2020-01-26 12:32:55",9,4,"ANSWERED","DOCUMENTATION","1580041966.52",""
"","javier","100","empleado",""""" <javier>","SIP/javier-00000020","","Playback","mimusica/primavera","2020-01-26 12:41:24","2020-01-26 12:41:24","2020-01-26 12:41:30",5,5,"ANSWERED","DOCUMENTATION","1580042484.55",""
"","javier","4000","empleado",""""" <javier>","SIP/javier-00000021","SIP/javier-00000022","Dial","SIP/javier,15","2020-01-26 12:41:42","2020-01-26 12:41:44","2020-01-26 12:41:45",3,1,"ANSWERED","DOCUMENTATION","1580042502.57",""
"","javier","4001","empleado",""""" <javier>","SIP/javier-00000023","SIP/belen-00000024","Dial","SIP/belen,15","2020-01-26 12:42:19","2020-01-26 12:42:24","2020-01-26 12:42:35",16,11,"ANSWERED","DOCUMENTATION","1580042539.60",""
"","4001","100","empleado",""""" <4001>","SIP/belen-00000024","","Playback","mimusica/primavera","2020-01-26 12:42:35","2020-01-26 12:42:35","2020-01-26 12:42:44",9,9,"ANSWERED","DOCUMENTATION","1580042539.61",""
"","javier","4001","empleado",""""" <javier>","SIP/javier-00000025","SIP/belen-00000026","Dial","SIP/belen,15","2020-01-26 12:47:59","2020-01-26 12:48:06","2020-01-26 12:48:46",46,39,"ANSWERED","DOCUMENTATION","1580042879.64",""
"","4001","100","empleado",""""" <4001>","SIP/belen-00000026","","Playback","mimusica/primavera","2020-01-26 12:48:46","2020-01-26 12:48:46","2020-01-26 12:48:51",5,5,"ANSWERED","DOCUMENTATION","1580042879.65",""
"","belen","4000","empleado","""belen"" <belen>","SIP/belen-00000027","","Dial","SIP/javier,15","2020-01-26 13:17:10","2020-01-26 13:17:10","2020-01-26 13:17:15",4,4,"ANSWERED","DOCUMENTATION","1580044630.68",""
"","belen","4000","empleado","""belen"" <belen>","SIP/belen-00000028","SIP/javier-00000029","Dial","SIP/javier,15","2020-01-26 13:18:19","2020-01-26 13:18:22","2020-01-26 13:21:02",163,160,"ANSWERED","DOCUMENTATION","1580044699.70",""
"","belen","4000","empleado","""belen"" <belen>","SIP/belen-0000002a","","Dial","SIP/javier,15","2020-01-26 13:25:08","2020-01-26 13:25:08","2020-01-26 13:25:10",1,1,"ANSWERED","DOCUMENTATION","1580045108.73",""
"","belen","4000","empleado","""belen"" <belen>","SIP/belen-0000002b","SIP/javier-0000002c","Dial","SIP/javier,15","2020-01-26 13:25:56","2020-01-26 13:25:59","2020-01-26 13:27:03",66,63,"ANSWERED","DOCUMENTATION","1580045156.75",""
"","4000","100","empleado",""""" <4000>","SIP/javier-0000002c","","Playback","mimusica/primavera","2020-01-26 13:27:03","2020-01-26 13:27:03","2020-01-26 13:27:16",13,13,"ANSWERED","DOCUMENTATION","1580045156.76",""
"","javier","4001","empleado",""""" <javier>","SIP/javier-0000002d","SIP/belen-0000002e","Dial","SIP/belen,15","2020-01-26 13:28:02",,"2020-01-26 13:28:11",9,0,"FAILED","DOCUMENTATION","1580045282.79",""
"","javier","4001","empleado",""""" <javier>","SIP/javier-0000002d","","VoiceMail","4001","2020-01-26 13:28:11","2020-01-26 13:28:11","2020-01-26 13:28:15",4,4,"ANSWERED","DOCUMENTATION","1580045282.79",""
"","belen","4000","empleado","""belen"" <belen>","SIP/belen-0000002f","SIP/javier-00000030","Dial","SIP/javier,15","2020-01-26 13:29:09","2020-01-26 13:29:11","2020-01-26 13:29:18",9,6,"ANSWERED","DOCUMENTATION","1580045349.85",""
"","4000","100","empleado",""""" <4000>","SIP/javier-00000030","","Playback","mimusica/primavera","2020-01-26 13:29:18","2020-01-26 13:29:18","2020-01-26 13:29:31",13,13,"ANSWERED","DOCUMENTATION","1580045349.86",""
"","belen","4000","empleado","""belen"" <belen>","SIP/belen-00000031","SIP/javier-00000032","Dial","SIP/javier,15","2020-01-26 13:29:42",,"2020-01-26 13:29:43",0,0,"NO ANSWER","DOCUMENTATION","1580045382.89",""
"","belen","4000","empleado",""""" <belen>","SIP/belen-00000033","SIP/javier-00000034","Dial","SIP/javier,15","2020-01-26 13:56:28",,"2020-01-26 13:56:43",15,0,"NO ANSWER","DOCUMENTATION","1580046988.93",""
"","belen","4000","empleado",""""" <belen>","SIP/belen-00000033","","VoiceMail","4000","2020-01-26 13:56:43","2020-01-26 13:56:43","2020-01-26 13:56:43",0,0,"ANSWERED","DOCUMENTATION","1580046988.93",""
"","belen","100","empleado",""""" <belen>","SIP/belen-00000035","","Playback","mimusica/primavera","2020-01-26 13:56:47","2020-01-26 13:56:47","2020-01-26 13:56:51",3,3,"ANSWERED","DOCUMENTATION","1580047007.97",""
"","","4001","messages",""""" <>","Message/ast_msg_queue","","Hangup","","2020-01-26 13:50:01","2020-01-26 13:50:01","2020-01-26 14:04:50",889,889,"ANSWERED","DOCUMENTATION","1580046601.92",""
"","javier","100","empleado",""""" <javier>","SIP/javier-00000000","","Playback","mimusica/primavera","2020-01-26 14:05:13","2020-01-26 14:05:13","2020-01-26 14:05:16",2,2,"ANSWERED","DOCUMENTATION","1580047513.0",""
"","belen","100","empleado",""""" <belen>","SIP/belen-00000001","","Playback","mimusica/primavera","2020-01-26 14:05:23","2020-01-26 14:05:23","2020-01-26 14:05:25",2,2,"ANSWERED","DOCUMENTATION","1580047523.2",""
"","belen","4000","empleado","""belen"" <belen>","SIP/belen-00000002","","Dial","SIP/javier,15","2020-01-26 14:18:26","2020-01-26 14:18:26","2020-01-26 14:18:28",1,1,"ANSWERED","DOCUMENTATION","1580048306.5",""
"","belen","4000","empleado","""belen"" <belen>","SIP/belen-00000003","SIP/javier-00000004","Dial","SIP/javier,15","2020-01-26 14:19:05",,"2020-01-26 14:19:08",2,0,"BUSY","DOCUMENTATION","1580048345.7",""
"","belen","4000","empleado","""belen"" <belen>","SIP/belen-00000003","","VoiceMail","4000","2020-01-26 14:19:08","2020-01-26 14:19:08","2020-01-26 14:19:10",2,2,"ANSWERED","DOCUMENTATION","1580048345.7",""
"","belen","100","empleado",""""" <belen>","SIP/belen-00000005","","Playback","mimusica/primavera","2020-01-26 14:28:09","2020-01-26 14:28:09","2020-01-26 14:28:38",29,29,"ANSWERED","DOCUMENTATION","1580048889.11",""
"","","4001","messages",""""" <>","Message/ast_msg_queue","","Hangup","","2020-01-26 14:05:37","2020-01-26 14:05:37","2020-01-26 14:52:22",2804,2804,"ANSWERED","DOCUMENTATION","1580047537.4",""
"","","s","failed",""""" <>","Message/ast_msg_queue","","Hangup","","2020-01-26 14:53:02","2020-01-26 14:53:02","2020-01-26 15:04:05",663,663,"ANSWERED","DOCUMENTATION","1580050382.0",""
"","","s","failed",""""" <>","Message/ast_msg_queue","","Hangup","","2020-01-26 15:04:37","2020-01-26 15:04:37","2020-01-26 15:15:29",652,652,"ANSWERED","DOCUMENTATION","1580051077.0",""
"","4002","4000","empleado","""belen"" <4002>","SIP/belen-00000000","","Dial","SIP/javier,15","2020-01-26 15:28:54","2020-01-26 15:28:54","2020-01-26 15:28:55",1,1,"ANSWERED","DOCUMENTATION","1580052534.1",""
"","","s","failed",""""" <>","Message/ast_msg_queue","","Hangup","","2020-01-26 15:15:40","2020-01-26 15:15:40","2020-01-26 15:32:47",1027,1027,"ANSWERED","DOCUMENTATION","1580051740.0",""
"","","1000","messages",""""" <>","Message/ast_msg_queue","","Hangup","","2020-01-26 15:33:15","2020-01-26 15:33:15","2020-01-26 16:07:27",2052,2052,"ANSWERED","DOCUMENTATION","1580052795.0",""
"","4001","100","empleado","""belen"" <4001>","SIP/belen-00000000","","Playback","mimusica/primavera","2020-01-26 16:12:03","2020-01-26 16:12:03","2020-01-26 16:12:07",3,3,"ANSWERED","DOCUMENTATION","1580055123.1",""
"","","4001","messages",""""" <>","Message/ast_msg_queue","","GotoIf","1?4001","2020-01-26 16:07:31","2020-01-26 16:07:31","2020-01-26 16:50:25",2573,2573,"ANSWERED","DOCUMENTATION","1580054851.0",""
"","","1000","messages",""""" <>","Message/ast_msg_queue","","Hangup","","2020-01-26 16:50:47","2020-01-26 16:50:47","2020-01-26 16:53:41",174,174,"ANSWERED","DOCUMENTATION","1580057447.0",""
"","4000","100","empleado","""javier"" <4000>","SIP/javier-00000005","","Playback","mimusica/primavera","2020-01-26 17:53:06","2020-01-26 17:53:06","2020-01-26 17:53:10",3,3,"ANSWERED","DOCUMENTATION","1580061186.6",""
"","4000","4000","empleado","""javier"" <4000>","SIP/javier-00000006","SIP/javier-00000007","Dial","SIP/javier,15","2020-01-26 17:55:25",,"2020-01-26 17:55:25",0,0,"BUSY","DOCUMENTATION","1580061325.8",""
"","4000","4000","empleado","""javier"" <4000>","SIP/javier-00000006","","VoiceMail","4000","2020-01-26 17:55:25","2020-01-26 17:55:25","2020-01-26 17:55:29",3,3,"ANSWERED","DOCUMENTATION","1580061325.8",""
"","4000","4001","empleado","""javier"" <4000>","SIP/javier-00000008","SIP/belen-00000009","Dial","SIP/belen,15","2020-01-26 17:55:36",,"2020-01-26 17:55:39",3,0,"NO ANSWER","DOCUMENTATION","1580061336.12",""
"","4000","4000","empleado","""javier"" <4000>","SIP/javier-0000000c","SIP/javier-0000000d","Dial","SIP/javier,15","2020-01-26 18:14:28",,"2020-01-26 18:14:28",0,0,"BUSY","DOCUMENTATION","1580062468.17",""
"","4000","4000","empleado","""javier"" <4000>","SIP/javier-0000000c","","VoiceMail","4000","2020-01-26 18:14:28","2020-01-26 18:14:28","2020-01-26 18:14:31",2,2,"ANSWERED","DOCUMENTATION","1580062468.17",""
"","4001","4000","empleado","""belen"" <4001>","SIP/belen-0000000f","SIP/javier-00000010","Dial","SIP/javier,15","2020-01-26 18:26:50",,"2020-01-26 18:26:52",1,0,"NO ANSWER","DOCUMENTATION","1580063210.22",""
"","","4001","messages",""""" <>","Message/ast_msg_queue","","Hangup","","2020-01-26 16:54:09","2020-01-26 16:54:09","2020-01-26 18:39:47",6337,6337,"ANSWERED","DOCUMENTATION","1580057649.0",""
"","","4001","messages",""""" <>","Message/ast_msg_queue","","Hangup","","2020-01-26 18:40:14","2020-01-26 18:40:14","2020-01-27 01:44:18",25444,25444,"ANSWERED","DOCUMENTATION","1580064014.0",""
"","belen","100","empleado",""""" <belen>","SIP/belen-00000000","","Playback","mimusica/primavera","2020-01-27 01:48:47","2020-01-27 01:48:47","2020-01-27 01:48:52",4,4,"ANSWERED","DOCUMENTATION","1580089727.0",""
"","","s","fallo",""""" <>","Message/ast_msg_queue","","Hangup","","2020-01-27 01:49:42","2020-01-27 01:49:42","2020-01-27 02:20:17",1835,1835,"ANSWERED","DOCUMENTATION","1580089782.2",""
"","javier","100","empleado",""""" <javier>","SIP/javier-00000000","","Playback","mimusica/primavera","2020-01-27 11:56:23","2020-01-27 11:56:23","2020-01-27 11:57:15",51,51,"ANSWERED","DOCUMENTATION","1580126183.0",""
"","belen","100","empleado",""""" <belen>","SIP/belen-00000001","","Hangup","","2020-01-27 12:00:08","2020-01-27 12:00:08","2020-01-27 12:01:17",68,68,"ANSWERED","DOCUMENTATION","1580126408.2",""
"","belen","100","empleado","""belen"" <belen>","SIP/belen-00000002","","Playback","mimusica/primavera","2020-01-27 12:09:06","2020-01-27 12:09:06","2020-01-27 12:09:16",10,10,"ANSWERED","DOCUMENTATION","1580126946.4",""
"","belen","4000","empleado","""belen"" <belen>","SIP/belen-00000003","SIP/javier-00000004","Dial","SIP/javier,15","2020-01-27 12:09:23","2020-01-27 12:09:34","2020-01-27 12:09:44",21,10,"ANSWERED","DOCUMENTATION","1580126963.6",""
"","belen","4000","empleado","""belen"" <belen>","SIP/belen-00000005","SIP/javier-00000006","Dial","SIP/javier,15","2020-01-27 12:10:38","2020-01-27 12:10:40","2020-01-27 12:10:58",19,17,"ANSWERED","DOCUMENTATION","1580127038.9",""
"","belen","4000","empleado",""""" <belen>","SIP/belen-00000007","SIP/javier-00000008","Dial","SIP/javier,15","2020-01-27 12:13:23","2020-01-27 12:13:33","2020-01-27 12:14:18",54,44,"ANSWERED","DOCUMENTATION","1580127203.12",""
"","javier","100","empleado",""""" <javier>","SIP/javier-00000009","","Playback","mimusica/primavera","2020-01-27 12:44:16","2020-01-27 12:44:16","2020-01-27 12:44:48",31,31,"ANSWERED","DOCUMENTATION","1580129056.15",""
"","javier","4001","empleado","""javier"" <javier>","SIP/javier-0000000a","SIP/belen-0000000b","Dial","SIP/belen,15","2020-01-27 13:38:22",,"2020-01-27 13:38:25",2,0,"NO ANSWER","DOCUMENTATION","1580132302.17",""
"","oscar","4040","entrantes",""""" <oscar>","SIP/oscar-0000000c","SIP/javier-0000000d","Dial","SIP/javier&SIP/belen,60","2020-01-27 13:39:33",,"2020-01-27 13:39:43",10,0,"NO ANSWER","DOCUMENTATION","1580132373.20",""
"","oscar","4040","entrantes",""""" <oscar>","SIP/oscar-0000000c","SIP/belen-0000000e","Dial","SIP/javier&SIP/belen,60","2020-01-27 13:39:33",,"2020-01-27 13:39:43",10,0,"NO ANSWER","DOCUMENTATION","1580132373.20",""
"","oscar","4040","entrantes",""""" <oscar>","SIP/oscar-0000000f","SIP/javier-00000010","Dial","SIP/javier&SIP/belen,60","2020-01-27 13:39:54","2020-01-27 13:39:58","2020-01-27 13:40:06",12,7,"ANSWERED","DOCUMENTATION","1580132394.25",""
"","oscar","4040","entrantes",""""" <oscar>","SIP/oscar-0000000f","SIP/belen-00000011","Dial","SIP/javier&SIP/belen,60","2020-01-27 13:39:54",,"2020-01-27 13:39:58",4,0,"NO ANSWER","DOCUMENTATION","1580132394.25",""
"","oscar","4040","entrantes",""""" <oscar>","SIP/oscar-00000012","SIP/javier-00000013","Dial","SIP/javier&SIP/belen,60","2020-01-27 13:40:16",,"2020-01-27 13:40:18",2,0,"NO ANSWER","DOCUMENTATION","1580132416.30",""
"","oscar","4040","entrantes",""""" <oscar>","SIP/oscar-00000012","SIP/belen-00000014","Dial","SIP/javier&SIP/belen,60","2020-01-27 13:40:16","2020-01-27 13:40:18","2020-01-27 13:40:22",6,4,"ANSWERED","DOCUMENTATION","1580132416.30",""
"","oscar","4040","entrantes",""""" <oscar>","SIP/oscar-00000015","SIP/javier-00000016","Dial","SIP/javier&SIP/belen,60","2020-01-27 13:44:34",,"2020-01-27 13:45:35",60,0,"NO ANSWER","DOCUMENTATION","1580132674.35",""
"","oscar","4040","entrantes",""""" <oscar>","SIP/oscar-00000015","SIP/belen-00000017","Dial","SIP/javier&SIP/belen,60","2020-01-27 13:44:34",,"2020-01-27 13:45:35",60,0,"NO ANSWER","DOCUMENTATION","1580132674.35",""
"","oscar","4040","entrantes",""""" <oscar>","SIP/oscar-00000018","SIP/javier-00000019","Dial","SIP/javier&SIP/belen,60","2020-01-27 13:48:09",,"2020-01-27 13:48:35",26,0,"NO ANSWER","DOCUMENTATION","1580132889.40",""
"","oscar","4040","entrantes",""""" <oscar>","SIP/oscar-00000018","SIP/belen-0000001a","Dial","SIP/javier&SIP/belen,60","2020-01-27 13:48:09","2020-01-27 13:48:35","2020-01-27 13:49:03",53,27,"ANSWERED","DOCUMENTATION","1580132889.40",""
"","oscar","4040","entrantes",""""" <oscar>","SIP/oscar-0000001b","SIP/javier-0000001c","Dial","SIP/javier&SIP/belen,60","2020-01-27 13:50:33",,"2020-01-27 13:50:39",6,0,"BUSY","DOCUMENTATION","1580133033.45",""
"","oscar","4040","entrantes",""""" <oscar>","SIP/oscar-0000001b","SIP/belen-0000001d","Dial","SIP/javier&SIP/belen,60","2020-01-27 13:50:33",,"2020-01-27 13:50:36",3,0,"BUSY","DOCUMENTATION","1580133033.45",""
"","oscar","4040","entrantes",""""" <oscar>","SIP/oscar-0000001e","SIP/javier-0000001f","Dial","SIP/javier&SIP/belen,60","2020-01-27 13:50:48",,"2020-01-27 13:50:50",1,0,"BUSY","DOCUMENTATION","1580133048.50",""
"","oscar","4040","entrantes",""""" <oscar>","SIP/oscar-0000001e","SIP/belen-00000020","Dial","SIP/javier&SIP/belen,60","2020-01-27 13:50:48",,"2020-01-27 13:50:56",7,0,"NO ANSWER","DOCUMENTATION","1580133048.50",""
"","oscar","4040","entrantes",""""" <oscar>","SIP/oscar-00000021","SIP/javier-00000022","Dial","SIP/javier&SIP/belen,60","2020-01-27 13:51:04",,"2020-01-27 13:51:07",2,0,"NO ANSWER","DOCUMENTATION","1580133064.55",""
"","oscar","4040","entrantes",""""" <oscar>","SIP/oscar-00000021","SIP/belen-00000023","Dial","SIP/javier&SIP/belen,60","2020-01-27 13:51:04","2020-01-27 13:51:07","2020-01-27 13:51:13",8,6,"ANSWERED","DOCUMENTATION","1580133064.55",""
"","javier","4001","empleado","""javier"" <javier>","SIP/javier-00000024","SIP/belen-00000025","Dial","SIP/belen,15","2020-01-27 17:59:36","2020-01-27 17:59:43","2020-01-27 18:00:03",27,20,"ANSWERED","DOCUMENTATION","1580147976.60",""
"","javier","4001","empleado","""javier"" <javier>","SIP/javier-00000026","SIP/belen-00000027","Dial","SIP/belen,15","2020-01-27 19:00:05",,"2020-01-27 19:00:06",1,0,"NO ANSWER","DOCUMENTATION","1580151605.63",""
"","director","4000","direccion",""""" <director>","SIP/director-00000028","SIP/javier-00000029","Dial","SIP/javier,15","2020-01-27 19:01:03",,"2020-01-27 19:01:18",15,0,"NO ANSWER","DOCUMENTATION","1580151663.66",""
"","director","4000","direccion",""""" <director>","SIP/director-00000028","","VoiceMail","4000","2020-01-27 19:01:18","2020-01-27 19:01:18","2020-01-27 19:01:20",2,2,"ANSWERED","DOCUMENTATION","1580151663.66",""
"","director","4000","direccion",""""" <director>","SIP/director-0000002b","SIP/javier-0000002c","Dial","SIP/javier,15","2020-01-27 19:03:53","2020-01-27 19:03:56","2020-01-27 19:03:56",2,0,"ANSWERED","DOCUMENTATION","1580151833.71",""
"","director","4000","direccion",""""" <director>","SIP/director-0000002b","SIP/belen-0000002d","Dial","SIP/javier,15","2020-01-27 19:03:56","2020-01-27 19:03:56","2020-01-27 19:04:14",17,17,"ANSWERED","DOCUMENTATION","1580151833.71",""
"","director","4000","direccion",""""" <director>","SIP/director-0000002e","SIP/javier-0000002f","Dial","SIP/javier,15","2020-01-27 19:04:45","2020-01-27 19:04:52","2020-01-27 19:04:52",6,0,"ANSWERED","DOCUMENTATION","1580151885.76",""
"","director","4000","direccion",""""" <director>","SIP/director-0000002e","SIP/belen-00000030","Dial","SIP/javier,15","2020-01-27 19:04:52","2020-01-27 19:04:52","2020-01-27 19:04:59",7,7,"ANSWERED","DOCUMENTATION","1580151885.76",""
"","director","4001","direccion",""""" <director>","SIP/director-00000031","SIP/belen-00000032","Dial","SIP/belen,15","2020-01-27 19:05:11",,"2020-01-27 19:05:26",14,0,"BUSY","DOCUMENTATION","1580151911.81",""
"","director","4001","direccion",""""" <director>","SIP/director-00000031","","VoiceMail","4001","2020-01-27 19:05:26","2020-01-27 19:05:26","2020-01-27 19:05:27",1,1,"ANSWERED","DOCUMENTATION","1580151911.81",""
"","director","4001","direccion",""""" <director>","SIP/director-00000033","SIP/belen-00000034","Dial","SIP/belen,15","2020-01-27 19:07:15",,"2020-01-27 19:07:28",13,0,"NO ANSWER","DOCUMENTATION","1580152035.85",""
"","director","4001","direccion",""""" <director>","SIP/director-00000039","SIP/belen-0000003a","Dial","SIP/belen,15","2020-01-27 19:17:14","2020-01-27 19:17:20","2020-01-27 19:17:20",6,0,"ANSWERED","DOCUMENTATION","1580152634.92",""
"","director","4001","direccion",""""" <director>","SIP/director-00000039","SIP/javier-0000003b","Dial","SIP/belen,15","2020-01-27 19:17:20","2020-01-27 19:17:20","2020-01-27 19:17:27",6,6,"ANSWERED","DOCUMENTATION","1580152634.92",""
"","javier","4001","empleado","""javier"" <javier>","SIP/javier-0000003c","SIP/belen-0000003d","Dial","SIP/belen,15","2020-01-27 19:17:37",,"2020-01-27 19:17:50",12,0,"NO ANSWER","DOCUMENTATION","1580152657.97",""
"","javier","4001","empleado","""javier"" <javier>","SIP/javier-0000003e","SIP/belen-0000003f","Dial","SIP/belen,15","2020-01-27 19:18:39",,"2020-01-27 19:18:54",15,0,"NO ANSWER","DOCUMENTATION","1580152719.100",""
"","javier","4001","empleado","""javier"" <javier>","SIP/javier-0000003e","","VoiceMail","4001","2020-01-27 19:18:54","2020-01-27 19:18:54","2020-01-27 19:19:02",7,7,"ANSWERED","DOCUMENTATION","1580152719.100",""
"","javier","4001","empleado","""javier"" <javier>","SIP/javier-00000041","SIP/belen-00000042","Dial","SIP/belen,15","2020-01-27 19:19:47","2020-01-27 19:19:54","2020-01-27 19:19:54",7,0,"ANSWERED","DOCUMENTATION","1580152787.105",""
"","javier","4001","empleado","""javier"" <javier>","SIP/javier-00000041","SIP/director-00000043","Dial","SIP/belen,15","2020-01-27 19:19:54","2020-01-27 19:19:54","2020-01-27 19:20:01",6,6,"ANSWERED","DOCUMENTATION","1580152787.105",""
"","javier","4001","empleado","""javier"" <javier>","SIP/javier-00000044","SIP/belen-00000045","Dial","SIP/belen,15","2020-01-27 19:20:08",,"2020-01-27 19:20:19",11,0,"NO ANSWER","DOCUMENTATION","1580152808.110",""
"","javier","5000","empleado","""javier"" <javier>","SIP/javier-00000047","SIP/director-00000048","Dial","SIP/director,15","2020-01-27 19:24:08",,"2020-01-27 19:24:12",4,0,"NO ANSWER","DOCUMENTATION","1580153047.114",""
"","belen","5000","empleado",""""" <belen>","SIP/belen-00000049","SIP/director-0000004a","Dial","SIP/director,15","2020-01-27 19:24:15",,"2020-01-27 19:24:29",13,0,"BUSY","DOCUMENTATION","1580153055.117",""
"","director","4001","direccion",""""" <director>","SIP/director-0000004c","SIP/belen-0000004d","Dial","SIP/belen,15","2020-01-27 19:39:52",,"2020-01-27 19:40:07",15,0,"NO ANSWER","DOCUMENTATION","1580153992.121",""
"","director","4001","direccion",""""" <director>","SIP/director-0000004c","","VoiceMail","4001","2020-01-27 19:40:07","2020-01-27 19:40:07","2020-01-27 19:40:09",2,2,"ANSWERED","DOCUMENTATION","1580153992.121",""
"","director","4001","direccion",""""" <director>","SIP/director-0000004e","SIP/belen-0000004f","Dial","SIP/belen,15","2020-01-27 19:40:18",,"2020-01-27 19:40:33",15,0,"NO ANSWER","DOCUMENTATION","1580154018.125",""
"","director","4001","direccion",""""" <director>","SIP/director-0000004e","","VoiceMail","4001","2020-01-27 19:40:33","2020-01-27 19:40:33","2020-01-27 19:40:41",8,8,"ANSWERED","DOCUMENTATION","1580154018.125",""
"","director","4001","direccion",""""" <director>","SIP/director-00000050","SIP/belen-00000051","Dial","SIP/belen,15","2020-01-27 19:40:52","2020-01-27 19:41:03","2020-01-27 19:41:03",10,0,"ANSWERED","DOCUMENTATION","1580154052.129",""
"","director","4001","direccion",""""" <director>","SIP/director-00000050","SIP/javier-00000052","Dial","SIP/belen,15","2020-01-27 19:41:03","2020-01-27 19:41:03","2020-01-27 19:41:16",13,13,"ANSWERED","DOCUMENTATION","1580154052.129",""
"","director","4001","direccion",""""" <director>","SIP/director-00000053","SIP/belen-00000054","Dial","SIP/belen,15","2020-01-27 19:43:00","2020-01-27 19:43:09","2020-01-27 19:43:09",9,0,"ANSWERED","DOCUMENTATION","1580154180.134",""
"","director","4001","direccion",""""" <director>","SIP/director-00000053","SIP/javier-00000055","Dial","SIP/belen,15","2020-01-27 19:43:09","2020-01-27 19:43:09","2020-01-27 19:43:14",5,5,"ANSWERED","DOCUMENTATION","1580154180.134",""
"","belen","5000","empleado",""""" <belen>","SIP/belen-00000057","SIP/director-00000058","Dial","SIP/director,15","2020-01-27 19:46:00",,"2020-01-27 19:46:15",15,0,"NO ANSWER","DOCUMENTATION","1580154360.140",""
"","director","4001","direccion",""""" <director>","SIP/director-0000005a","SIP/belen-0000005b","Dial","SIP/belen,15","2020-01-27 19:49:00","2020-01-27 19:49:05","2020-01-27 19:49:05",5,0,"ANSWERED","DOCUMENTATION","1580154540.144",""
"","director","4001","direccion",""""" <director>","SIP/director-0000005a","SIP/javier-0000005c","Dial","SIP/belen,15","2020-01-27 19:49:05","2020-01-27 19:49:05","2020-01-27 19:49:10",4,4,"ANSWERED","DOCUMENTATION","1580154540.144",""
"","javier","100","empleado","""javier"" <javier>","SIP/javier-00000000","","Playback","mimusica/primavera","2020-01-28 09:27:15","2020-01-28 09:27:15","2020-01-28 09:27:44",28,28,"ANSWERED","DOCUMENTATION","1580203635.0",""
"","javier","100","empleado","""javier"" <javier>","SIP/javier-00000000","","Playback","mimusica/primavera","2020-01-28 11:02:43","2020-01-28 11:02:43","2020-01-28 11:02:46",2,2,"ANSWERED","DOCUMENTATION","1580209363.0",""
"","javier","100","empleado","""javier"" <javier>","SIP/javier-00000000","","Playback","mimusica/primavera","2020-01-28 18:07:12","2020-01-28 18:07:12","2020-01-28 18:07:15",3,3,"ANSWERED","DOCUMENTATION","1580234832.0",""
"","javier","100","empleado","""javier"" <javier>","SIP/javier-00000001","","Playback","mimusica/primavera","2020-01-28 18:07:51","2020-01-28 18:07:51","2020-01-28 18:07:56",4,4,"ANSWERED","DOCUMENTATION","1580234871.2",""
"","javier","100","empleado","""javier"" <javier>","SIP/javier-00000002","","Playback","mimusica/primavera","2020-01-28 18:08:09","2020-01-28 18:08:09","2020-01-28 18:08:12",3,3,"ANSWERED","DOCUMENTATION","1580234889.4",""
"","javier","100","empleado","""javier"" <javier>","SIP/javier-00000003","","Playback","mimusica/primavera","2020-01-28 18:08:35","2020-01-28 18:08:35","2020-01-28 18:08:38",3,3,"ANSWERED","DOCUMENTATION","1580234915.6",""
"","belen","100","empleado","""belen"" <belen>","SIP/belen-00000004","","Playback","mimusica/primavera","2020-01-28 18:17:31","2020-01-28 18:17:31","2020-01-28 18:17:34",2,2,"ANSWERED","DOCUMENTATION","1580235451.8",""
"","javier","100","empleado",""""" <javier>","SIP/javier-00000000","","Playback","mimusica/primavera","2020-02-03 10:17:21","2020-02-03 10:17:21","2020-02-03 10:17:32",11,11,"ANSWERED","DOCUMENTATION","1580725041.0",""
"","javier","100","empleado",""""" <javier>","SIP/javier-00000002","","Festival","Hola mundo","2020-02-03 15:54:07","2020-02-03 15:54:07","2020-02-03 15:54:07",0,0,"ANSWERED","DOCUMENTATION","1580745247.2",""
"","javier","100","empleado",""""" <javier>","SIP/javier-00000003","","Festival","Hola mundo","2020-02-03 15:54:19","2020-02-03 15:54:19","2020-02-03 15:54:19",0,0,"ANSWERED","DOCUMENTATION","1580745259.4",""
"","javier","100","empleado",""""" <javier>","SIP/javier-00000004","","Playback","mimusica/primavera","2020-02-03 16:02:30","2020-02-03 16:02:30","2020-02-03 16:02:36",5,5,"ANSWERED","DOCUMENTATION","1580745750.6",""
"","javier","100","empleado",""""" <javier>","SIP/javier-00000005","","Playback","mimusica/primavera","2020-02-03 16:02:47","2020-02-03 16:02:47","2020-02-03 16:02:53",5,5,"ANSWERED","DOCUMENTATION","1580745767.8",""
"","javier","100","empleado",""""" <javier>","SIP/javier-00000006","","Playback","mimusica/primavera","2020-02-03 16:04:29","2020-02-03 16:04:29","2020-02-03 16:04:35",6,6,"ANSWERED","DOCUMENTATION","1580745869.10",""
"","javier","100","empleado",""""" <javier>","SIP/javier-00000007","","Playback","mimusica/primavera","2020-02-03 16:04:43","2020-02-03 16:04:43","2020-02-03 16:04:47",3,3,"ANSWERED","DOCUMENTATION","1580745883.12",""
"","javier","100","empleado",""""" <javier>","SIP/javier-00000008","","Playback","mimusica/primavera","2020-02-03 16:05:01","2020-02-03 16:05:01","2020-02-03 16:05:07",6,6,"ANSWERED","DOCUMENTATION","1580745901.14",""
"","javier","100","empleado",""""" <javier>","SIP/javier-00000009","","Festival","Hola mundo esto es una prueba de Festival","2020-02-03 16:05:16","2020-02-03 16:05:16","2020-02-03 16:05:18",2,2,"ANSWERED","DOCUMENTATION","1580745916.16",""
"","javier","100","empleado",""""" <javier>","SIP/javier-0000000a","","Festival","Hola mundo esto es una prueba de Festival","2020-02-03 16:05:42","2020-02-03 16:05:42","2020-02-03 16:05:42",0,0,"ANSWERED","DOCUMENTATION","1580745942.18",""
"","javier","100","empleado",""""" <javier>","SIP/javier-00000000","","Festival","Hola mundo esto es una prueba de Festival","2020-02-03 16:26:08","2020-02-03 16:26:08","2020-02-03 16:26:08",0,0,"ANSWERED","DOCUMENTATION","1580747168.0",""
"","javier","100","empleado",""""" <javier>","SIP/javier-00000001","","Festival","Hola mundo esto es una prueba de Festival","2020-02-03 16:27:03","2020-02-03 16:27:03","2020-02-03 16:27:03",0,0,"ANSWERED","DOCUMENTATION","1580747223.2",""
"","javier","100","empleado",""""" <javier>","SIP/javier-00000002","","Festival","Hola mundo esto es una prueba de Festival","2020-02-03 16:27:12","2020-02-03 16:27:12","2020-02-03 16:27:12",0,0,"ANSWERED","DOCUMENTATION","1580747232.4",""
"","javier","100","empleado",""""" <javier>","SIP/javier-00000003","","Playback","mimusica/primavera","2020-02-03 16:35:55","2020-02-03 16:35:55","2020-02-03 16:36:02",7,7,"ANSWERED","DOCUMENTATION","1580747755.6",""
"","javier","100","empleado",""""" <javier>","SIP/javier-00000000","","Playback","mimusica/primavera","2020-02-03 17:48:15","2020-02-03 17:48:15","2020-02-03 17:48:22",7,7,"ANSWERED","DOCUMENTATION","1580752095.0",""
"","javier","100","empleado",""""" <javier>","SIP/javier-00000001","","Festival","Hola mundo esto es una prueba de Festival","2020-02-03 18:01:10","2020-02-03 18:01:10","2020-02-03 18:01:10",0,0,"ANSWERED","DOCUMENTATION","1580752870.2",""
"","javier","100","empleado",""""" <javier>","SIP/javier-00000002","","Festival","Hola mundo esto es una prueba de Festival","2020-02-03 18:02:20","2020-02-03 18:02:20","2020-02-03 18:02:20",0,0,"ANSWERED","DOCUMENTATION","1580752940.4",""
"","javier","100","empleado",""""" <javier>","SIP/javier-00000003","","Festival","Hola mundo esto es una prueba de Festival","2020-02-03 18:02:32","2020-02-03 18:02:32","2020-02-03 18:02:32",0,0,"ANSWERED","DOCUMENTATION","1580752952.6",""
"","javier","100","empleado",""""" <javier>","SIP/javier-00000000","","Festival","Hola mundo esto es una prueba de Festival","2020-02-03 18:08:32","2020-02-03 18:08:32","2020-02-03 18:08:33",0,0,"ANSWERED","DOCUMENTATION","1580753312.0",""
"","javier","100","empleado",""""" <javier>","SIP/javier-00000001","","Festival","Hola mundo esto es una prueba de Festival","2020-02-03 18:08:49","2020-02-03 18:08:49","2020-02-03 18:08:49",0,0,"ANSWERED","DOCUMENTATION","1580753329.2",""
"","javier","100","empleado",""""" <javier>","SIP/javier-00000002","","Festival","Hola mundo esto es una prueba de Festival","2020-02-03 18:19:14","2020-02-03 18:19:14","2020-02-03 18:19:14",0,0,"ANSWERED","DOCUMENTATION","1580753953.4",""
"","javier","100","empleado",""""" <javier>","SIP/javier-00000003","","Playback","mimusica/primavera","2020-02-03 18:23:25","2020-02-03 18:23:25","2020-02-03 18:23:35",9,9,"ANSWERED","DOCUMENTATION","1580754205.6",""
"","javier","100","empleado",""""" <javier>","SIP/javier-00000004","","Playback","silence/1","2020-02-03 18:23:42","2020-02-03 18:23:42","2020-02-03 18:23:46",4,4,"ANSWERED","DOCUMENTATION","1580754222.8",""
"","javier","100","empleado",""""" <javier>","SIP/javier-00000005","","Playback","mimusica/primavera","2020-02-03 18:27:14","2020-02-03 18:27:14","2020-02-03 18:27:22",7,7,"ANSWERED","DOCUMENTATION","1580754434.10",""
"","javier","100","empleado",""""" <javier>","SIP/javier-00000006","","Festival","Hola mundo esto es una prueba de Festival","2020-02-03 18:27:50","2020-02-03 18:27:50","2020-02-03 18:27:51",1,1,"ANSWERED","DOCUMENTATION","1580754470.12",""
"","javier","100","empleado",""""" <javier>","SIP/javier-00000007","","Playback","mimusica/primavera","2020-02-03 18:28:03","2020-02-03 18:28:03","2020-02-03 18:28:11",7,7,"ANSWERED","DOCUMENTATION","1580754483.14",""
"","javier","100","empleado",""""" <javier>","SIP/javier-00000000","","Playback","mimusica/primavera","2020-02-03 18:44:41","2020-02-03 18:44:41","2020-02-03 18:44:50",8,8,"ANSWERED","DOCUMENTATION","1580755481.0",""
"","javier","100","empleado",""""" <javier>","SIP/javier-00000001","","Playback","mimusica/primavera","2020-02-03 18:45:01","2020-02-03 18:45:01","2020-02-03 18:45:16",15,15,"ANSWERED","DOCUMENTATION","1580755501.2",""
"","javier","100","empleado",""""" <javier>","SIP/javier-00000002","","Playback","mimusica/primavera","2020-02-03 18:45:21","2020-02-03 18:45:21","2020-02-03 18:45:40",18,18,"ANSWERED","DOCUMENTATION","1580755521.4",""
"","javier","100","empleado",""""" <javier>","SIP/javier-00000003","","Playback","mimusica/primavera","2020-02-03 18:45:47","2020-02-03 18:45:47","2020-02-03 18:46:03",15,15,"ANSWERED","DOCUMENTATION","1580755547.6",""
"","javier","100","empleado",""""" <javier>","SIP/javier-00000004","","Playback","mimusica/primavera","2020-02-03 18:46:57","2020-02-03 18:46:57","2020-02-03 18:47:05",8,7,"ANSWERED","DOCUMENTATION","1580755617.8",""
"","javier","100","empleado",""""" <javier>","SIP/javier-00000005","","Playback","mimusica/primavera","2020-02-03 18:47:24","2020-02-03 18:47:24","2020-02-03 18:47:30",5,5,"ANSWERED","DOCUMENTATION","1580755644.10",""
"","javier","100","empleado",""""" <javier>","SIP/javier-00000006","","Playback","mimusica/primavera","2020-02-03 18:47:37","2020-02-03 18:47:37","2020-02-03 18:47:43",5,5,"ANSWERED","DOCUMENTATION","1580755657.12",""
"","javier","100","empleado",""""" <javier>","SIP/javier-00000007","","Playback","mimusica/primavera","2020-02-03 18:53:13","2020-02-03 18:53:13","2020-02-03 18:53:25",11,11,"ANSWERED","DOCUMENTATION","1580755993.14",""
"","javier","100","empleado",""""" <javier>","SIP/javier-00000008","","Festival","Va a escuchar un fragmento de la primavera de Antonio Vivaldi","2020-02-03 18:53:42","2020-02-03 18:53:42","2020-02-03 18:53:44",1,1,"ANSWERED","DOCUMENTATION","1580756022.16",""
"","javier","100","empleado",""""" <javier>","SIP/javier-00000009","","Playback","mimusica/primavera","2020-02-03 18:53:55","2020-02-03 18:53:55","2020-02-03 18:54:04",8,8,"ANSWERED","DOCUMENTATION","1580756035.18",""
"","javier","100","empleado",""""" <javier>","SIP/javier-00000000","","Playback","mimusica/primavera","2020-02-04 07:54:28","2020-02-04 07:54:28","2020-02-04 07:55:21",53,52,"ANSWERED","DOCUMENTATION","1580802868.0",""
"","belen","4000","empleado","""belen"" <belen>","SIP/belen-00000001","SIP/javier-00000002","Dial","SIP/javier,15","2020-02-04 08:10:12","2020-02-04 08:10:17","2020-02-04 08:10:48",35,30,"ANSWERED","DOCUMENTATION","1580803812.2",""
"","belen","100","empleado","""belen"" <belen>","SIP/belen-00000003","","Playback","mimusica/primavera","2020-02-04 08:12:09","2020-02-04 08:12:09","2020-02-04 08:12:43",33,33,"ANSWERED","DOCUMENTATION","1580803929.5",""
"","belen","100","empleado","""belen"" <belen>","SIP/belen-00000004","","Playback","mimusica/primavera","2020-02-04 08:54:59","2020-02-04 08:55:00","2020-02-04 08:55:07",7,7,"ANSWERED","DOCUMENTATION","1580806499.7",""
"","javier","4001","empleado","""javier"" <javier>","SIP/javier-00000005","SIP/belen-00000006","Dial","SIP/belen,15","2020-02-04 10:45:59","2020-02-04 10:46:03","2020-02-04 10:46:05",6,2,"ANSWERED","DOCUMENTATION","1580813159.9",""
"","javier","4001","empleado","""javier"" <javier>","SIP/javier-00000007","SIP/belen-00000008","Dial","SIP/belen,15","2020-02-04 10:48:22","2020-02-04 10:48:27","2020-02-04 10:49:13",51,46,"ANSWERED","DOCUMENTATION","1580813302.12",""
"","javier","4001","empleado","""javier"" <javier>","SIP/javier-00000009","SIP/belen-0000000a","Dial","SIP/belen,15","2020-02-04 10:50:40","2020-02-04 10:50:43","2020-02-04 10:51:40",59,57,"ANSWERED","DOCUMENTATION","1580813440.15",""
"","exterior","4000","empleado","""exterior"" <exterior>","SIP/exterior-00000004","SIP/javier-00000005","Dial","SIP/javier,15","2020-02-05 09:10:50",,"2020-02-05 09:10:59",8,0,"BUSY","DOCUMENTATION","1580893850.4",""
"","exterior","4000","empleado","""exterior"" <exterior>","SIP/exterior-00000004","","VoiceMail","4000","2020-02-05 09:10:59","2020-02-05 09:10:59","2020-02-05 09:11:02",3,3,"ANSWERED","DOCUMENTATION","1580893850.4",""
"","exterior","4000","empleado","""exterior"" <exterior>","SIP/exterior-00000006","SIP/javier-00000007","Dial","SIP/javier,15","2020-02-05 09:11:23",,"2020-02-05 09:11:26",2,0,"BUSY","DOCUMENTATION","1580893883.8",""
"","exterior","4000","empleado","""exterior"" <exterior>","SIP/exterior-00000006","","VoiceMail","4000","2020-02-05 09:11:26","2020-02-05 09:11:26","2020-02-05 09:11:29",2,2,"ANSWERED","DOCUMENTATION","1580893883.8",""
"","exterior","4000","empleado","""exterior"" <exterior>","SIP/exterior-00000008","SIP/javier-00000009","Dial","SIP/javier,15","2020-02-05 09:53:36",,"2020-02-05 09:53:42",5,0,"BUSY","DOCUMENTATION","1580896416.12",""
"","exterior","4000","empleado","""exterior"" <exterior>","SIP/exterior-00000008","","VoiceMail","4000","2020-02-05 09:53:42","2020-02-05 09:53:42","2020-02-05 09:53:44",1,1,"ANSWERED","DOCUMENTATION","1580896416.12",""
"","exterior","4001","empleado","""exterior"" <exterior>","SIP/exterior-0000000a","SIP/belen-0000000b","Dial","SIP/belen,15","2020-02-05 09:53:55",,"2020-02-05 09:54:01",5,0,"BUSY","DOCUMENTATION","1580896435.16",""
"","exterior","4001","empleado","""exterior"" <exterior>","SIP/exterior-0000000a","","VoiceMail","4001","2020-02-05 09:54:01","2020-02-05 09:54:01","2020-02-05 09:54:02",1,1,"ANSWERED","DOCUMENTATION","1580896435.16",""
"","exterior","4001","empleado","""exterior"" <exterior>","SIP/exterior-0000000c","SIP/belen-0000000d","Dial","SIP/belen,15","2020-02-05 10:23:02",,"2020-02-05 10:23:03",1,0,"NO ANSWER","DOCUMENTATION","1580898182.20",""
"","exterior","4022","empleado","""exterior"" <exterior>","SIP/exterior-0000000f","","Hangup","","2020-02-05 10:26:54","2020-02-05 10:26:54","2020-02-05 10:26:58",3,3,"ANSWERED","DOCUMENTATION","1580898414.24",""
"","exterior","4022","empleado","""exterior"" <exterior>","SIP/exterior-00000010","","Hangup","","2020-02-05 10:27:00","2020-02-05 10:27:00","2020-02-05 10:27:04",3,3,"ANSWERED","DOCUMENTATION","1580898420.26",""
"","exterior","4022","empleado","""exterior"" <exterior>","SIP/exterior-00000011","","Hangup","","2020-02-05 10:27:25","2020-02-05 10:27:25","2020-02-05 10:27:28",3,3,"ANSWERED","DOCUMENTATION","1580898445.28",""
"","exterior","4022","empleado","""exterior"" <exterior>","SIP/exterior-00000012","","Festival","La extension 4022 no se encuentra disponible","2020-02-05 10:27:32","2020-02-05 10:27:32","2020-02-05 10:27:34",1,1,"ANSWERED","DOCUMENTATION","1580898452.30",""
"","exterior","4022","empleado","""exterior"" <exterior>","SIP/exterior-00000013","","Hangup","","2020-02-05 10:27:35","2020-02-05 10:27:35","2020-02-05 10:27:39",3,3,"ANSWERED","DOCUMENTATION","1580898455.32",""
"","exterior","4022","empleado","""exterior"" <exterior>","SIP/exterior-00000014","","Hangup","","2020-02-05 10:27:43","2020-02-05 10:27:43","2020-02-05 10:27:47",3,3,"ANSWERED","DOCUMENTATION","1580898463.34",""
"","exterior","4001","empleado","""exterior"" <exterior>","SIP/exterior-00000015","SIP/belen-00000016","Dial","SIP/belen,15","2020-02-05 10:30:37",,"2020-02-05 10:30:41",3,0,"BUSY","DOCUMENTATION","1580898637.36",""
"","exterior","4001","empleado","""exterior"" <exterior>","SIP/exterior-00000015","","VoiceMail","4001","2020-02-05 10:30:41","2020-02-05 10:30:41","2020-02-05 10:30:47",6,6,"ANSWERED","DOCUMENTATION","1580898637.36",""
"","exterior","4001","empleado","""exterior"" <exterior>","SIP/exterior-00000017","SIP/belen-00000018","Dial","SIP/belen,15","2020-02-05 10:39:08","2020-02-05 10:39:11","2020-02-05 10:39:18",10,6,"ANSWERED","DOCUMENTATION","1580899148.40",""
"","exterior","4022","empleado","""exterior"" <exterior>","SIP/exterior-00000019","","Hangup","","2020-02-05 10:43:13","2020-02-05 10:43:13","2020-02-05 10:43:16",3,3,"ANSWERED","DOCUMENTATION","1580899393.43",""
"","exterior","4022","empleado","""exterior"" <exterior>","SIP/exterior-0000001a","","Hangup","","2020-02-05 10:48:57","2020-02-05 10:48:57","2020-02-05 10:49:00",3,3,"ANSWERED","DOCUMENTATION","1580899737.45",""
"","exterior","4001","empleado","""exterior"" <exterior>","SIP/exterior-0000001b","SIP/belen-0000001c","Dial","SIP/belen,15","2020-02-05 10:49:03","2020-02-05 10:49:08","2020-02-05 10:49:10",6,1,"ANSWERED","DOCUMENTATION","1580899743.47",""
"","exterior","4001","empleado","""exterior"" <exterior>","SIP/exterior-0000001d","SIP/belen-0000001e","Dial","SIP/belen,15","2020-02-05 10:49:32","2020-02-05 10:49:34","2020-02-05 10:49:44",12,10,"ANSWERED","DOCUMENTATION","1580899772.50",""
"","exterior","995554001","entrantes","""exterior"" <exterior>","SIP/exterior-0000001f","","Festival","En estos momentos no hay nadie que te pueda atender. Nuestro horario es de 8 a ","2020-02-05 11:17:05","2020-02-05 11:17:06","2020-02-05 11:17:08",2,2,"ANSWERED","DOCUMENTATION","1580901425.53",""
"","exterior","995554001","entrantes","""exterior"" <exterior>","SIP/exterior-00000020","","Hangup","","2020-02-05 11:17:35","2020-02-05 11:17:35","2020-02-05 11:17:41",6,5,"ANSWERED","DOCUMENTATION","1580901455.55",""
"","exterior","995554001","entrantes","""exterior"" <exterior>","SIP/exterior-00000021","","Festival","En estos momentos no hay nadie que te pueda atender","2020-02-05 11:18:40","2020-02-05 11:18:40","2020-02-05 11:18:44",3,3,"ANSWERED","DOCUMENTATION","1580901520.57",""
"","exterior","995554001","entrantes","""exterior"" <exterior>","SIP/exterior-00000022","","Hangup","","2020-02-05 11:18:57","2020-02-05 11:18:57","2020-02-05 11:19:03",6,6,"ANSWERED","DOCUMENTATION","1580901537.59",""
"","exterior","995554001","entrantes","""exterior"" <exterior>","SIP/exterior-00000023","","Hangup","","2020-02-05 11:19:08","2020-02-05 11:19:08","2020-02-05 11:19:14",6,6,"ANSWERED","DOCUMENTATION","1580901548.61",""
"","exterior","4001","empleado","""exterior"" <exterior>","SIP/exterior-00000024","SIP/belen-00000025","Dial","SIP/belen,15","2020-02-05 11:19:39",,"2020-02-05 11:19:47",8,0,"BUSY","DOCUMENTATION","1580901579.63",""
"","exterior","4001","empleado","""exterior"" <exterior>","SIP/exterior-00000024","","VoiceMail","4001","2020-02-05 11:19:47","2020-02-05 11:19:47","2020-02-05 11:19:50",2,2,"ANSWERED","DOCUMENTATION","1580901579.63",""
"","exterior","995554001","entrantes","""exterior"" <exterior>","SIP/exterior-00000026","","Hangup","","2020-02-05 11:31:04","2020-02-05 11:31:04","2020-02-05 11:31:10",6,6,"ANSWERED","DOCUMENTATION","1580902264.67",""
"","exterior","4001","empleado","""exterior"" <exterior>","SIP/exterior-00000027","SIP/belen-00000028","Dial","SIP/belen,15","2020-02-05 11:33:19","2020-02-05 11:33:25","2020-02-05 11:33:29",9,4,"ANSWERED","DOCUMENTATION","1580902399.69",""
"","belen","100","empleado","""belen"" <belen>","SIP/belen-00000000","","Playback","mimusica/primavera","2020-02-05 15:32:14","2020-02-05 15:32:14","2020-02-05 15:32:24",10,9,"ANSWERED","DOCUMENTATION","1580916734.0",""
"","exterior","4001","empleado","""exterior"" <exterior>","SIP/exterior-00000000","SIP/belen-00000001","Dial","SIP/belen,15","2020-02-05 16:50:13",,"2020-02-05 16:50:28",15,0,"NO ANSWER","DOCUMENTATION","1580921413.0",""
"","exterior","4001","empleado","""exterior"" <exterior>","SIP/exterior-00000000","","VoiceMail","4001","2020-02-05 16:50:28","2020-02-05 16:50:28","2020-02-05 16:50:34",6,6,"ANSWERED","DOCUMENTATION","1580921413.0",""
"","exterior","4001","empleado","""exterior"" <exterior>","SIP/exterior-00000002","","Dial","SIP/belen,15","2020-02-05 16:50:42","2020-02-05 16:50:42","2020-02-05 16:50:44",2,2,"ANSWERED","DOCUMENTATION","1580921442.4",""
"","belen","100","empleado","""belen"" <belen>","SIP/belen-00000003","","Playback","mimusica/primavera","2020-02-05 16:51:18","2020-02-05 16:51:18","2020-02-05 16:51:24",6,5,"ANSWERED","DOCUMENTATION","1580921478.6",""
"","exterior","4001","empleado","""exterior"" <exterior>","SIP/exterior-00000004","","Dial","SIP/belen,15","2020-02-05 16:51:27","2020-02-05 16:51:27","2020-02-05 16:51:29",2,2,"ANSWERED","DOCUMENTATION","1580921487.8",""
"","exterior","4001","empleado","""exterior"" <exterior>","SIP/exterior-00000005","","Dial","SIP/belen,15","2020-02-05 16:51:34","2020-02-05 16:51:34","2020-02-05 16:51:37",3,3,"ANSWERED","DOCUMENTATION","1580921494.10",""
"","exterior","4001","empleado","""exterior"" <exterior>","SIP/exterior-00000006","SIP/belen-00000007","Dial","SIP/belen,15","2020-02-05 16:52:17","2020-02-05 16:52:22","2020-02-05 16:52:25",7,3,"ANSWERED","DOCUMENTATION","1580921537.12",""
"","exterior","4001","empleado","""exterior"" <exterior>","SIP/exterior-00000008","SIP/belen-00000009","Dial","SIP/belen,15","2020-02-05 17:09:00","2020-02-05 17:09:04","2020-02-05 17:09:07",6,2,"ANSWERED","DOCUMENTATION","1580922540.15",""
"","exterior","4001","empleado","""exterior"" <exterior>","SIP/exterior-0000000a","SIP/belen-0000000b","Dial","SIP/belen,15","2020-02-05 17:10:27","2020-02-05 17:10:31","2020-02-05 17:10:34",7,2,"ANSWERED","DOCUMENTATION","1580922627.18",""
